{
  "test_date": "2025-11-06 02:23:52.403392",
  "system": {
    "gpu": "NVIDIA GB10",
    "cuda_version": "12.9",
    "pytorch_version": "2.9.0+cu129",
    "gpu_memory_gb": 119.63694381713867
  },
  "tests": {
    "memory_bandwidth_100": 0.28811237903883635,
    "memory_bandwidth_500": 170.77785016286646,
    "memory_bandwidth_1000": 365.83549934583516,
    "memory_bandwidth_5000": 222.51480804581544,
    "memory_bandwidth_10000": 226.06020020022717,
    "tensor_op_matmul": 602.9729558771945,
    "tensor_op_fft": 813.0843984018641,
    "tensor_op_softmax": 2316.2328876813394,
    "tensor_op_layer_norm": 1141.1426379324887,
    "mixed_precision_fp32": 18101.79624447484,
    "mixed_precision_fp16": 5753.049646294829,
    "multi_stream_time": 0.0946798324584961,
    "memory_alloc_10mb": 62788.982035928144,
    "memory_alloc_100mb": 205603.13725490196,
    "memory_alloc_1000mb": 303.212197008581,
    "memory_alloc_5000mb": 50.71470631977452
  }
}