{
  "system_info": {
    "timestamp": "2025-10-14T14:52:09.828304",
    "python_version": "3.10.12 (main, Aug 15 2025, 14:32:43) [GCC 11.4.0]",
    "pytorch_version": "2.9.0+cpu",
    "cpu_count": 6,
    "memory_total": 7.441276550292969,
    "memory_available": 3.9700393676757812,
    "cuda_available": false,
    "gpu_count": 0
  },
  "pytorch_models": {
    "resnet18": {
      "avg_inference_time": 0.4289611577987671,
      "std_inference_time": 0.08106389090617444,
      "throughput_fps": 9.324853608019371,
      "model_params": 11689512,
      "model_size_mb": 44.591949462890625
    },
    "resnet50": {
      "avg_inference_time": 1.2148072004318238,
      "std_inference_time": 0.026608287801516913,
      "throughput_fps": 3.2927035652884937,
      "model_params": 25557032,
      "model_size_mb": 97.49234008789062
    },
    "mobilenet_v2": {
      "avg_inference_time": 0.4474790096282959,
      "std_inference_time": 0.0141665905904124,
      "throughput_fps": 8.938966775944754,
      "model_params": 3504872,
      "model_size_mb": 13.370025634765625
    }
  },
  "matrix_operations": {
    "matrix_100x100": {
      "avg_time": 0.0031823158264160157,
      "gflops": 0.6284731337468907,
      "matrix_size": 100
    },
    "matrix_500x500": {
      "avg_time": 0.019163751602172853,
      "gflops": 13.045462349431315,
      "matrix_size": 500
    },
    "matrix_1000x1000": {
      "avg_time": 0.04317307472229004,
      "gflops": 46.32516939932958,
      "matrix_size": 1000
    },
    "matrix_2000x2000": {
      "avg_time": 0.25946483612060545,
      "gflops": 61.66538880267698,
      "matrix_size": 2000
    }
  },
  "tensor_operations": {
    "conv2d": {
      "avg_time": 0.6167829751968383,
      "std_time": 0.02132035032659777
    },
    "maxpool2d": {
      "avg_time": 0.08885183334350585,
      "std_time": 0.009335112108784448
    },
    "relu": {
      "avg_time": 0.04191274642944336,
      "std_time": 0.0034621473225208386
    },
    "batch_norm": {
      "avg_time": 0.06507179737091065,
      "std_time": 0.0050447959110008055
    }
  },
  "system_monitoring": {
    "cpu_usage": [
      27.2,
      24.3,
      25.5,
      21.2,
      21.1,
      20.8,
      21.4,
      21.5,
      25.9,
      23.9,
      23.4,
      20.4,
      22.0,
      20.9,
      22.0,
      22.1,
      21.3,
      22.3,
      21.5,
      22.1,
      20.9,
      22.1,
      22.1,
      22.1,
      22.8,
      21.4,
      20.4,
      23.3,
      22.1,
      23.0,
      21.3,
      22.4,
      22.7,
      21.7,
      22.5,
      20.8,
      22.6,
      22.1,
      21.3,
      22.6
    ],
    "memory_usage": [
      48.0,
      48.0,
      48.0,
      48.0,
      48.0,
      48.0,
      48.0,
      48.0,
      48.1,
      48.1,
      48.1,
      48.1,
      48.1,
      48.1,
      48.1,
      48.1,
      48.1,
      48.1,
      48.1,
      48.1,
      48.1,
      48.1,
      48.0,
      48.1,
      48.1,
      48.1,
      48.1,
      48.1,
      48.1,
      48.1,
      48.1,
      48.1,
      48.1,
      48.1,
      48.1,
      48.1,
      48.1,
      48.1,
      48.1,
      48.1
    ],
    "timestamps": [
      0.501915454864502,
      1.0036334991455078,
      1.5051236152648926,
      2.006800651550293,
      2.508322238922119,
      3.009765386581421,
      3.5112228393554688,
      4.012738943099976,
      4.5143396854400635,
      5.016021490097046,
      5.517653226852417,
      6.019134759902954,
      6.520671844482422,
      7.022264242172241,
      7.523881673812866,
      8.025352001190186,
      8.526646375656128,
      9.028168201446533,
      9.529925346374512,
      10.031530380249023,
      10.532914161682129,
      11.034533262252808,
      11.536205291748047,
      12.037906885147095,
      12.539366245269775,
      13.041041374206543,
      13.542506694793701,
      14.044183015823364,
      14.545780420303345,
      15.047587633132935,
      15.549257516860962,
      16.050565481185913,
      16.552273750305176,
      17.053977727890015,
      17.555704593658447,
      18.05739450454712,
      18.55911374092102,
      19.060714721679688,
      19.56220269203186,
      20.06381368637085
    ],
    "avg_cpu": 22.275,
    "avg_memory": 48.0775,
    "max_cpu": 27.2,
    "max_memory": 48.1
  },
  "total_benchmark_time": 60.732066
}